£®2017£©’„0402–Ã≥ı147∫≈,nCase,1
£®2017£©’„0402–Ã≥ı148∫≈,nCase,1
£®2017£©’„0402–Ã≥ı237∫≈,nCase,1
£®2017£©’„0402–Ã≥ı245∫≈,nCase,1
£®2017£©’„0402–Ã≥ı256∫≈,nCase,1
£®2017£©’„0402–Ã≥ı264∫≈,nCase,1
£®2017£©’„0402–Ã≥ı268∫≈,nCase,1
£®2017£©’„0402–Ã≥ı272∫≈,nCase,1
£®2017£©’„0402–Ã≥ı277∫≈,nCase,1
£®2017£©’„0402–Ã≥ı29∫≈,nCase,1
£®2017£©’„0402–Ã≥ı365∫≈,nCase,1
£®2017£©’„0402–Ã≥ı384∫≈,nCase,1
£®2017£©’„0402–Ã≥ı408-2∫≈,nCase,1
£®2017£©’„0402–Ã≥ı424∫≈,nCase,1
£®2017£©’„0402–Ã≥ı44∫≈,nCase,1
£®2017£©’„0402–Ã≥ı495∫≈,nCase,1
£®2017£©’„0402–Ã≥ı498∫≈,nCase,1
£®2017£©’„0402–Ã≥ı501∫≈,nCase,1
£®2017£©’„0402–Ã≥ı601∫≈,nCase,1
£®2017£©’„0402–Ã≥ı674∫≈,nCase,1
£®2017£©’„0402–Ã≥ı68∫≈,nCase,1
£®2017£©’„0402–Ã≥ı741∫≈,nCase,1
£®2017£©’„0402–Ã≥ı74∫≈,nCase,1
£®2017£©’„0402–Ã≥ı754∫≈,nCase,1
£®2017£©’„0402–Ã≥ı793∫≈,nCase,1
£®2017£©’„0402–Ã≥ı87∫≈,nCase,1
(2017)’„0411–Ã≥ı105∫≈,nCase,1
£®2017£©’„0411–Ã≥ı25∫≈,nCase,1
(2017)’„0411–Ã≥ı261∫≈,nCase,1
(2017)’„0411–Ã≥ı284∫≈,nCase,1
£®2017£©’„0411–Ã≥ı28∫≈,nCase,1
(2017)’„0411–Ã≥ı299∫≈,nCase,1
(2017)’„0411–Ã≥ı30∫≈,nCase,1
£®2017£©’„0411–Ã≥ı313∫≈,nCase,1
(2017)’„0411–Ã≥ı317∫≈,nCase,1
(2017)’„0411–Ã≥ı319∫≈,nCase,1
(2017)’„0411–Ã≥ı336∫≈,nCase,1
(2017)’„0411–Ã≥ı379∫≈,nCase,1
£®2017£©’„0411–Ã≥ı417∫≈,nCase,1
(2017)’„0411–Ã≥ı426∫≈,nCase,1
£®2017£©’„0411–Ã≥ı428∫≈,nCase,1
£®2017£©’„0411–Ã≥ı445∫≈,nCase,1
£®2017£©’„0411–Ã≥ı483∫≈,nCase,1
(2017)’„0411–Ã≥ı500∫≈,nCase,1
£®2017£©’„0411–Ã≥ı614∫≈,nCase,1
(2017)’„0411–Ã≥ı616∫≈,nCase,1
(2017)’„0411–Ã≥ı84∫≈,nCase,1
£®2017£©’„0421–Ã≥ı356∫≈,nCase,1
£®2017£©’„0421–Ã≥ı378∫≈,nCase,1
£®2017£©’„0421–Ã≥ı432∫≈,nCase,1
£®2017£©’„0421–Ã≥ı499∫≈,nCase,1
£®2017£©’„0421–Ã≥ı611∫≈,nCase,1
£®2017£©’„0421–Ã≥ı644∫≈,nCase,1
£®2017£©’„0421–Ã≥ı692∫≈,nCase,1
£®2017£©’„0421–Ã≥ı710∫≈,nCase,1
£®2017£©’„0421–Ã≥ı862∫≈,nCase,1
£®2017£©’„0424–Ã≥ı159∫≈,nCase,1
£®2017£©’„0424–Ã≥ı168∫≈,nCase,1
£®2017£©’„0424–Ã≥ı172∫≈,nCase,1
£®2017£©’„0424–Ã≥ı173∫≈,nCase,1
£®2017£©’„0424–Ã≥ı193∫≈,nCase,1
£®2017£©’„0424–Ã≥ı194∫≈,nCase,1
£®2017£©’„0424–Ã≥ı255∫≈,nCase,1
£®2017£©’„0424–Ã≥ı27∫≈,nCase,1
£®2017£©’„0424–Ã≥ı297∫≈,nCase,1
£®2017£©’„0424–Ã≥ı71∫≈,nCase,1
£®2017£©’„0424–Ã≥ı72∫≈,nCase,1
£®2017£©’„0424–Ã≥ı7∫≈,nCase,1
£®2017£©’„0481–Ã≥ı1012∫≈,nCase,1
£®2017£©’„0481–Ã≥ı203∫≈,nCase,1
£®2017£©’„0481–Ã≥ı207∫≈,nCase,1
£®2017£©’„0481–Ã≥ı230∫≈,nCase,1
£®2017£©’„0481–Ã≥ı258∫≈,nCase,1
£®2017£©’„0481–Ã≥ı309∫≈,nCase,1
£®2017£©’„0481–Ã≥ı312∫≈,nCase,1
£®2017£©’„0481–Ã≥ı335∫≈,nCase,1
£®2017£©’„0481–Ã≥ı352∫≈,nCase,1
£®2017£©’„0481–Ã≥ı386∫≈,nCase,1
£®2017£©’„0481–Ã≥ı476∫≈,nCase,1
£®2017£©’„0481–Ã≥ı495∫≈,nCase,1
£®2017£©’„0481–Ã≥ı510∫≈,nCase,1
£®2017£©’„0481–Ã≥ı596∫≈,nCase,1
£®2017£©’„0481–Ã≥ı645∫≈,nCase,1
£®2017£©’„0481–Ã≥ı655∫≈,nCase,1
£®2017£©’„0481–Ã≥ı770∫≈,nCase,1
£®2017£©’„0481–Ã≥ı781∫≈,nCase,1
£®2017£©’„0481–Ã≥ı817∫≈,nCase,1
£®2017£©’„0481–Ã≥ı836∫≈,nCase,1
£®2017£©’„0481–Ã≥ı83∫≈,nCase,1
£®2017£©’„0481–Ã≥ı844∫≈,nCase,1
£®2017£©’„0481–Ã≥ı917∫≈,nCase,1
£®2017£©’„0481–Ã≥ı941∫≈,nCase,1
£®2017£©’„0481–Ã≥ı962∫≈,nCase,1
£®2017£©’„0482–Ã≥ı1050∫≈,nCase,1
£®2017£©’„0482–Ã≥ı141∫≈,nCase,1
£®2017£©’„0482–Ã≥ı277∫≈,nCase,1
£®2017£©’„0482–Ã≥ı312∫≈,nCase,1
£®2017£©’„0482–Ã≥ı344∫≈,nCase,1
£®2017£©’„0482–Ã≥ı374∫≈,nCase,1
£®2017£©’„0482–Ã≥ı420∫≈,nCase,1
£®2017£©’„0482–Ã≥ı496∫≈,nCase,1
£®2017£©’„0482–Ã≥ı500∫≈,nCase,1
£®2017£©’„0482–Ã≥ı508∫≈,nCase,1
£®2017£©’„0482–Ã≥ı510∫≈,nCase,1
(2017)’„0482–Ã≥ı518∫≈,nCase,1
(2017)’„0482–Ã≥ı54∫≈,nCase,1
£®2017£©’„0482–Ã≥ı552∫≈,nCase,1
£®2017£©’„0482–Ã≥ı573∫≈,nCase,1
£®2017£©’„0482–Ã≥ı574∫≈,nCase,1
£®2017£©’„0482–Ã≥ı577∫≈,nCase,1
£®2017£©’„0482–Ã≥ı582∫≈,nCase,1
£®2017£©’„0482–Ã≥ı633∫≈,nCase,1
£®2017£©’„0482–Ã≥ı643∫≈,nCase,1
(2017)’„0482–Ã≥ı680∫≈,nCase,1
£®2017£©’„0482–Ã≥ı68∫≈,nCase,1
£®2017£©’„0482–Ã≥ı706∫≈,nCase,1
£®2017£©’„0482–Ã≥ı709∫≈,nCase,1
£®2017£©’„0482–Ã≥ı731∫≈,nCase,1
£®2017£©’„0482–Ã≥ı757∫≈,nCase,1
(2017)’„0482–Ã≥ı766∫≈,nCase,1
£®2017£©’„0482–Ã≥ı864∫≈,nCase,1
£®2017£©’„0482–Ã≥ı903∫≈,nCase,1
£®2017£©’„0482–Ã≥ı936∫≈,nCase,1
(2017)’„0482–Ã≥ı97∫≈,nCase,1
£®2017£©’„0483–Ã≥ı1142∫≈,nCase,1
£®2017£©’„0483–Ã≥ı118∫≈,nCase,1
£®2017£©’„0483–Ã≥ı121∫≈,nCase,1
£®2017£©’„0483–Ã≥ı1261∫≈,nCase,1
£®2017£©’„0483–Ã≥ı167∫≈,nCase,1
£®2017£©’„0483–Ã≥ı255∫≈,nCase,1
£®2017£©’„0483–Ã≥ı263∫≈,nCase,1
£®2017£©’„0483–Ã≥ı305∫≈,nCase,1
£®2017£©’„0483–Ã≥ı342∫≈,nCase,1
£®2017£©’„0483–Ã≥ı438∫≈,nCase,1
£®2017£©’„0483–Ã≥ı45∫≈,nCase,1
£®2017£©’„0483–Ã≥ı684∫≈,nCase,1
£®2017£©’„0483–Ã≥ı695∫≈,nCase,1
£®2017£©’„0483–Ã≥ı719∫≈,nCase,1
£®2017£©’„0483–Ã≥ı729∫≈,nCase,1
£®2017£©’„0483–Ã≥ı74∫≈,nCase,1
£®2017£©’„0483–Ã≥ı762∫≈,nCase,1
£®2017£©’„0483–Ã≥ı810∫≈,nCase,1
£®2017£©’„0483–Ã≥ı984∫≈,nCase,1
£®2017£©’„0902–Ã≥ı354∫≈,nCase,1
£®2017£©’„0902–Ã≥ı355∫≈,nCase,1
£®2017£©’„0902–Ã≥ı440∫≈,nCase,1
£®2017£©’„0902–Ã≥ı450∫≈,nCase,1
£®2017£©’„0902–Ã≥ı461∫≈,nCase,1
£®2017£©’„0902–Ã≥ı470∫≈,nCase,1
£®2017£©’„0903–Ã≥ı367∫≈,nCase,1
£®2017£©’„0903–Ã≥ı410∫≈,nCase,1
(2017)’„0922–Ã≥ı55∫≈,nCase,1
£®2018£©’„0902–Ã≥ı106∫≈,nCase,1
£®2018£©’„0902–Ã≥ı128∫≈,nCase,1
£®2018£©’„0902–Ã≥ı149∫≈,nCase,1
£®2018£©’„0902–Ã≥ı44∫≈,nCase,1
£®2018£©’„0902–Ã≥ı52∫≈,nCase,1
£®2018£©’„0902–Ã≥ı6∫≈,nCase,1
£®2018£©’„0903–Ã≥ı125∫≈,nCase,1
£®2018£©’„0903–Ã≥ı144∫≈,nCase,1
£®2018£©’„0903–Ã≥ı15∫≈,nCase,1
£®2018£©’„0903–Ã≥ı170∫≈,nCase,1
£®2018£©’„0903–Ã≥ı22∫≈,nCase,1
£®2018£©’„0903–Ã≥ı37∫≈,nCase,1
£®2018£©’„0903–Ã≥ı46∫≈,nCase,1
£®2018£©’„0903–Ã≥ı48∫≈,nCase,1
£®2018£©’„0903–Ã≥ı69∫≈,nCase,1
£®2018£©’„0903–Ã≥ı92∫≈,nCase,1
£®2018£©’„0921–Ã≥ı19∫≈,nCase,1
£®2018£©’„0921–Ã≥ı36∫≈,nCase,1
£®2018£©’„0921–Ã≥ı4∫≈,nCase,1
(2018)’„0922–Ã≥ı13∫≈,nCase,1
(2018)’„0922–Ã≥ı9∫≈,nCase,1
